Unnamed: 0,essay_num,op_index,time,op_loc,op_type,current_editor,add,delete,selected_text,cursor_location,recording_obj,Unnamed: 12,Unnamed: 13,Unnamed: 14
26128,76,0,233.134,essay_prompt,y,,,,"We will describe an issue and provide three different perspectives on the issue. You are asked to read and consider the issue and perspectives, state your own perspective on the issue, and analyze the relationship between your perspective and at least one other perspective on the issue.
Issue:
Automation is generally seen as a sign of progress, but what is lost when we replace humans with machines?

Intelligent Machines
Many of the goods and services we depend on daily are now supplied by intelligent, automated machines rather than human beings. Robots build cars and other goods on assembly lines, where once there were human workers. Many of our phone conversations are now conducted not with people but with sophisticated technologies. We can now buy goods at a variety of stores without the help of a human cashier. Automation is generally seen as a sign of progress, but what is lost when we replace humans with machines? Given the accelerating variety and prevalence of intelligent machines, it is worth examining the implications and meaning of their presence in our lives.",,,,,
26129,76,1,260.973,gpt,p,,,,"We will describe an issue and provide three different perspectives on the issue. You are asked to read and consider the issue and perspectives, state your own perspective on the issue, and analyze the relationship between your perspective and at least one other perspective on the issue.
Issue:
Automation is generally seen as a sign of progress, but what is lost when we replace humans with machines?

Intelligent Machines
Many of the goods and services we depend on daily are now supplied by intelligent, automated machines rather than human beings. Robots build cars and other goods on assembly lines, where once there were human workers. Many of our phone conversations are now conducted not with people but with sophisticated technologies. We can now buy goods at a variety of stores without the help of a human cashier. Automation is generally seen as a sign of progress, but what is lost when we replace humans with machines? Given the accelerating variety and prevalence of intelligent machines, it is worth examining the implications and meaning of their presence in our lives.",,,,,
26130,76,2,262.795,gpt,gpt_inquiry,,,,"We will describe an issue and provide three different perspectives on the issue. You are asked to read and consider the issue and perspectives, state your own perspective on the issue, and analyze the relationship between your perspective and at least one other perspective on the issue.
Issue:
Automation is generally seen as a sign of progress, but what is lost when we replace humans with machines?

Intelligent Machines
Many of the goods and services we depend on daily are now supplied by intelligent, automated machines rather than human beings. Robots build cars and other goods on assembly lines, where once there were human workers. Many of our phone conversations are now conducted not with people but with sophisticated technologies. We can now buy goods at a variety of stores without the help of a human cashier. Automation is generally seen as a sign of progress, but what is lost when we replace humans with machines? Given the accelerating variety and prevalence of intelligent machines, it is worth examining the implications and meaning of their presence in our lives. ",,,,,
26131,76,3,269.377,gpt,gpt_response,,,,"Labor Advocates
Labor advocates argue that the increasing prevalence of automation is leading to the loss of jobs for human workers. With machines taking over tasks that were once performed by humans, many individuals are finding themselves unemployed or underemployed. This loss of jobs can have detrimental effects on individuals and communities, leading to economic instability and social inequalities. Additionally, human workers often bring a level of skill, creativity, and emotional intelligence to their jobs that machines cannot replicate. By replacing humans with machines, we may be losing important aspects of what it means to work and interact in society.

Technology Enthusiasts
On the other hand, technology enthusiasts argue that automation brings many benefits to society. By automating tasks that are repetitive or dangerous, we can improve efficiency, increase productivity, and enhance safety in various industries. Intelligent machines can also perform tasks with precision and accuracy that human workers may not be able to achieve. This can lead to higher quality products and services for consumers. Furthermore, automation can free up human workers to focus on more complex and creative tasks, leading to overall innovation and progress in society.

My perspective
I believe that there are both advantages and disadvantages to the increasing use of automation in our society. While automation can lead to increased efficiency and productivity, it is important to consider the implications for human workers who may be displaced by machines. It is crucial for society to find ways to support and retrain individuals who are impacted by automation, in order to mitigate the negative effects on employment and ensure that everyone can benefit from technological advancements.

Analysis
My perspective aligns with that of labor advocates in recognizing the potential negative consequences of automation on human workers. However, I also acknowledge the benefits that automation can bring, similar to the viewpoint of technology enthusiasts. By considering both perspectives, we can work towards a more balanced approach to automation that takes into account the needs and concerns of both human workers and technological advancements.",,,,,
26132,76,4,566.225,gpt,gpt_inquiry,,,,"My perspective is that you lose the ability to empathize, you lose some advanced problem solving, but you also lose some common human errors because of how much information machines have",,,,,
26133,76,5,570.747,gpt,gpt_response,,,,"This perspective raises a valid point about the potential loss of empathy and advanced problem-solving skills when replacing humans with machines. Empathy and emotional intelligence are important aspects of human interaction that cannot be easily replicated by machines. Human workers are able to understand and respond to the emotions and needs of others, which is crucial in many types of work, such as healthcare, counseling, and customer service. Additionally, human workers often bring a level of creativity and critical thinking to their roles that machines may not possess. Advanced problem-solving skills rely on the ability to think creatively and adapt to new situations, which can be challenging for machines programmed to perform specific tasks.

However, it is important to recognize that automation can also help reduce common human errors that may occur due to fatigue, distractions, or other factors. Machines are able to perform tasks with precision and accuracy, which can improve the quality and consistency of products and services. By relying on intelligent machines for certain tasks, we may be able to minimize mistakes and ensure better outcomes in various industries.

In analyzing the relationship between this perspective and the perspectives of intelligent machines and technology enthusiasts, we can see that there is a common recognition of the benefits of automation in terms of efficiency and productivity. However, this perspective highlights the potential drawbacks of replacing humans with machines, particularly in terms of the loss of empathy and advanced problem-solving skills. By considering these different viewpoints, we can strive to find a balance between the advantages of automation and the importance of maintaining human skills and qualities in our evolving society.",,,,,
26134,76,6,593.205,essay_prompt,y,,,,"Perspective One (Dystopian view)
What we lose with the replacement of people by machines is some part of our own humanity. Even our mundane daily encounters no longer require from us basic courtesy, respect, and tolerance for other people.
Perspective Two (Utilitarian view)
Machines are good at low-skill, repetitive jobs, and at high-speed, extremely precise jobs. In both cases they work better than humans. This efficiency leads to a more prosperous and progressive world for everyone.
Perspective Three (Progressive view)
Intelligent machines challenge our long-standing ideas about what humans are or can be. This is good because it pushes both humans and machines toward new, unimagined possibilities.",,,,,
26135,76,7,627.563,gpt,p,,,,"Perspective One (Dystopian view)
What we lose with the replacement of people by machines is some part of our own humanity. Even our mundane daily encounters no longer require from us basic courtesy, respect, and tolerance for other people.
Perspective Two (Utilitarian view)
Machines are good at low-skill, repetitive jobs, and at high-speed, extremely precise jobs. In both cases they work better than humans. This efficiency leads to a more prosperous and progressive world for everyone.
Perspective Three (Progressive view)
Intelligent machines challenge our long-standing ideas about what humans are or can be. This is good because it pushes both humans and machines toward new, unimagined possibilities.",,,,,
26136,76,8,628.513,gpt,gpt_inquiry,,,,"write the essay based on my perspective, compare it to one of these: Perspective One (Dystopian view)
What we lose with the replacement of people by machines is some part of our own humanity. Even our mundane daily encounters no longer require from us basic courtesy, respect, and tolerance for other people.
Perspective Two (Utilitarian view)
Machines are good at low-skill, repetitive jobs, and at high-speed, extremely precise jobs. In both cases they work better than humans. This efficiency leads to a more prosperous and progressive world for everyone.
Perspective Three (Progressive view)
Intelligent machines challenge our long-standing ideas about what humans are or can be. This is good because it pushes both humans and machines toward new, unimagined possibilities.",,,,,
26137,76,9,634.134,gpt,gpt_response,,,,"In a world where automation is becoming increasingly prevalent, the debate over what is lost when we replace humans with machines has become a topic of much discussion. From a personal perspective, I believe that with the replacement of humans by machines, there is a loss of empathy, advanced problem-solving skills, and common human errors are reduced due to the vast amount of information machines possess.

One of the aspects that stands out to me as being lost when machines take over is the ability to empathize. Human interactions are inherently complex, requiring emotional intelligence and an understanding of others' feelings and experiences. Machines, even with advanced artificial intelligence, lack the emotional capacity to truly empathize with individuals. This loss of empathy can have far-reaching effects, particularly in professions that require a high level of human connection, such as healthcare, counseling, and customer service.

Furthermore, the advanced problem-solving skills that humans possess are also at risk of being lost with the increasing reliance on machines. Human workers are able to think creatively, adapt to new situations, and approach problems from multiple perspectives. Machines, on the other hand, are programmed to perform specific tasks and may struggle to think outside the preset parameters. In situations that require innovative thinking and complex problem-solving, the absence of human intelligence and creativity may limit the effectiveness of machines.

However, it is important to acknowledge that machines are highly efficient at performing low-skill, repetitive tasks, as mentioned in the utilitarian view. Machines can operate at high speeds and with extreme precision, which can lead to increased productivity and prosperity in various industries. By automating certain tasks, we can streamline processes and ensure consistent outcomes, ultimately benefiting society as a whole.

The progressive view suggests that intelligent machines challenge our conventional ideas about humanity and technology, pushing both humans and machines towards new possibilities. While the integration of machines in various aspects of our lives may raise concerns about the loss of some human qualities, it also opens up opportunities for innovation and growth. By embracing the capabilities of intelligent machines, we can explore new ways of working together and unlocking potential that may have been previously unimagined.

In conclusion, the replacement of humans by machines is a complex issue that touches on various aspects of humanity, efficiency, and progress. While I believe that there are important qualities and skills that may be lost when machines take over certain roles, it is essential to recognize the potential benefits that automation can bring to society. By finding a balance between human qualities and intelligent machines, we can work towards a future that harnesses the strengths of both to create a more prosperous and innovative world.",,,,,
26138,76,10,639.798,gpt,y,,,,"In a world where automation is becoming increasingly prevalent, the debate over what is lost when we replace humans with machines has become a topic of much discussion. From a personal perspective, I believe that with the replacement of humans by machines, there is a loss of empathy, advanced problem-solving skills, and common human errors are reduced due to the vast amount of information machines possess.

One of the aspects that stands out to me as being lost when machines take over is the ability to empathize. Human interactions are inherently complex, requiring emotional intelligence and an understanding of others' feelings and experiences. Machines, even with advanced artificial intelligence, lack the emotional capacity to truly empathize with individuals. This loss of empathy can have far-reaching effects, particularly in professions that require a high level of human connection, such as healthcare, counseling, and customer service.

Furthermore, the advanced problem-solving skills that humans possess are also at risk of being lost with the increasing reliance on machines. Human workers are able to think creatively, adapt to new situations, and approach problems from multiple perspectives. Machines, on the other hand, are programmed to perform specific tasks and may struggle to think outside the preset parameters. In situations that require innovative thinking and complex problem-solving, the absence of human intelligence and creativity may limit the effectiveness of machines.

However, it is important to acknowledge that machines are highly efficient at performing low-skill, repetitive tasks, as mentioned in the utilitarian view. Machines can operate at high speeds and with extreme precision, which can lead to increased productivity and prosperity in various industries. By automating certain tasks, we can streamline processes and ensure consistent outcomes, ultimately benefiting society as a whole.

The progressive view suggests that intelligent machines challenge our conventional ideas about humanity and technology, pushing both humans and machines towards new possibilities. While the integration of machines in various aspects of our lives may raise concerns about the loss of some human qualities, it also opens up opportunities for innovation and growth. By embracing the capabilities of intelligent machines, we can explore new ways of working together and unlocking potential that may have been previously unimagined.

In conclusion, the replacement of humans by machines is a complex issue that touches on various aspects of humanity, efficiency, and progress. While I believe that there are important qualities and skills that may be lost when machines take over certain roles, it is essential to recognize the potential benefits that automation can bring to society. By finding a balance between human qualities and intelligent machines, we can work towards a future that harnesses the strengths of both to create a more prosperous and innovative world.",,,,,
26139,76,11,642.935,editor,p,,,,"In a world where automation is becoming increasingly prevalent, the debate over what is lost when we replace humans with machines has become a topic of much discussion. From a personal perspective, I believe that with the replacement of humans by machines, there is a loss of empathy, advanced problem-solving skills, and common human errors are reduced due to the vast amount of information machines possess.

One of the aspects that stands out to me as being lost when machines take over is the ability to empathize. Human interactions are inherently complex, requiring emotional intelligence and an understanding of others' feelings and experiences. Machines, even with advanced artificial intelligence, lack the emotional capacity to truly empathize with individuals. This loss of empathy can have far-reaching effects, particularly in professions that require a high level of human connection, such as healthcare, counseling, and customer service.

Furthermore, the advanced problem-solving skills that humans possess are also at risk of being lost with the increasing reliance on machines. Human workers are able to think creatively, adapt to new situations, and approach problems from multiple perspectives. Machines, on the other hand, are programmed to perform specific tasks and may struggle to think outside the preset parameters. In situations that require innovative thinking and complex problem-solving, the absence of human intelligence and creativity may limit the effectiveness of machines.

However, it is important to acknowledge that machines are highly efficient at performing low-skill, repetitive tasks, as mentioned in the utilitarian view. Machines can operate at high speeds and with extreme precision, which can lead to increased productivity and prosperity in various industries. By automating certain tasks, we can streamline processes and ensure consistent outcomes, ultimately benefiting society as a whole.

The progressive view suggests that intelligent machines challenge our conventional ideas about humanity and technology, pushing both humans and machines towards new possibilities. While the integration of machines in various aspects of our lives may raise concerns about the loss of some human qualities, it also opens up opportunities for innovation and growth. By embracing the capabilities of intelligent machines, we can explore new ways of working together and unlocking potential that may have been previously unimagined.

In conclusion, the replacement of humans by machines is a complex issue that touches on various aspects of humanity, efficiency, and progress. While I believe that there are important qualities and skills that may be lost when machines take over certain roles, it is essential to recognize the potential benefits that automation can bring to society. By finding a balance between human qualities and intelligent machines, we can work towards a future that harnesses the strengths of both to create a more prosperous and innovative world.",,,,,
26140,76,12,661.576,editor,p,"['In a world where automation is becoming increasingly prevalent, the debate over what is lost when we replace humans with machines has become a topic of much discussion. From a personal perspective, I believe that with the replacement of humans by machines, there is a loss of empathy, advanced problem-solving skills, and common human errors are reduced due to the vast amount of information machines possess.', '', ""One of the aspects that stands out to me as being lost when machines take over is the ability to empathize. Human interactions are inherently complex, requiring emotional intelligence and an understanding of others' feelings and experiences. Machines, even with advanced artificial intelligence, lack the emotional capacity to truly empathize with individuals. This loss of empathy can have far-reaching effects, particularly in professions that require a high level of human connection, such as healthcare, counseling, and customer service."", '', 'Furthermore, the advanced problem-solving skills that humans possess are also at risk of being lost with the increasing reliance on machines. Human workers are able to think creatively, adapt to new situations, and approach problems from multiple perspectives. Machines, on the other hand, are programmed to perform specific tasks and may struggle to think outside the preset parameters. In situations that require innovative thinking and complex problem-solving, the absence of human intelligence and creativity may limit the effectiveness of machines.', '', 'However, it is important to acknowledge that machines are highly efficient at performing low-skill, repetitive tasks, as mentioned in the utilitarian view. Machines can operate at high speeds and with extreme precision, which can lead to increased productivity and prosperity in various industries. By automating certain tasks, we can streamline processes and ensure consistent outcomes, ultimately benefiting society as a whole.', '', 'The progressive view suggests that intelligent machines challenge our conventional ideas about humanity and technology, pushing both humans and machines towards new possibilities. While the integration of machines in various aspects of our lives may raise concerns about the loss of some human qualities, it also opens up opportunities for innovation and growth. By embracing the capabilities of intelligent machines, we can explore new ways of working together and unlocking potential that may have been previously unimagined.', '', 'In conclusion, the replacement of humans by machines is a complex issue that touches on various aspects of humanity, efficiency, and progress. While I believe that there are important qualities and skills that may be lost when machines take over certain roles, it is essential to recognize the potential benefits that automation can bring to society. By finding a balance between human qualities and intelligent machines, we can work towards a future that harnesses the strengths of both to create a more prosperous and innovative world.']","""In a world where automation is becoming increasingly prevalent, the debate over what is lost when we replace humans with machines has become a topic of much discussion. From a personal perspective, I believe that with the replacement of humans by machines, there is a loss of empathy, advanced problem-solving skills, and common human errors are reduced due to the vast amount of information machines possess.\n\nOne of the aspects that stands out to me as being lost when machines take over is the ability to empathize. Human interactions are inherently complex, requiring emotional intelligence and an understanding of others' feelings and experiences. Machines, even with advanced artificial intelligence, lack the emotional capacity to truly empathize with individuals. This loss of empathy can have far-reaching effects, particularly in professions that require a high level of human connection, such as healthcare, counseling, and customer service.\n\nFurthermore, the advanced problem-solving skills that humans possess are also at risk of being lost with the increasing reliance on machines. Human workers are able to think creatively, adapt to new situations, and approach problems from multiple perspectives. Machines, on the other hand, are programmed to perform specific tasks and may struggle to think outside the preset parameters. In situations that require innovative thinking and complex problem-solving, the absence of human intelligence and creativity may limit the effectiveness of machines.\n\nHowever, it is important to acknowledge that machines are highly efficient at performing low-skill, repetitive tasks, as mentioned in the utilitarian view. Machines can operate at high speeds and with extreme precision, which can lead to increased productivity and prosperity in various industries. By automating certain tasks, we can streamline processes and ensure consistent outcomes, ultimately benefiting society as a whole.\n\nThe progressive view suggests that intelligent machines challenge our conventional ideas about humanity and technology, pushing both humans and machines towards new possibilities. While the integration of machines in various aspects of our lives may raise concerns about the loss of some human qualities, it also opens up opportunities for innovation and growth. By embracing the capabilities of intelligent machines, we can explore new ways of working together and unlocking potential that may have been previously unimagined.\n\nIn conclusion, the replacement of humans by machines is a complex issue that touches on various aspects of humanity, efficiency, and progress. While I believe that there are important qualities and skills that may be lost when machines take over certain roles, it is essential to recognize the potential benefits that automation can bring to society. By finding a balance between human qualities and intelligent machines, we can work towards a future that harnesses the strengths of both to create a more prosperous and innovative world.""",',',"[0, 0]","{'t': 661576, 'o': [{'o': 'p', 'i': [0, 0], 'a': ['In a world where automation is becoming increasingly prevalent, the debate over what is lost when we replace humans with machines has become a topic of much discussion. From a personal perspective, I believe that with the replacement of humans by machines, there is a loss of empathy, advanced problem-solving skills, and common human errors are reduced due to the vast amount of information machines possess.', '', ""One of the aspects that stands out to me as being lost when machines take over is the ability to empathize. Human interactions are inherently complex, requiring emotional intelligence and an understanding of others' feelings and experiences. Machines, even with advanced artificial intelligence, lack the emotional capacity to truly empathize with individuals. This loss of empathy can have far-reaching effects, particularly in professions that require a high level of human connection, such as healthcare, counseling, and customer service."", '', 'Furthermore, the advanced problem-solving skills that humans possess are also at risk of being lost with the increasing reliance on machines. Human workers are able to think creatively, adapt to new situations, and approach problems from multiple perspectives. Machines, on the other hand, are programmed to perform specific tasks and may struggle to think outside the preset parameters. In situations that require innovative thinking and complex problem-solving, the absence of human intelligence and creativity may limit the effectiveness of machines.', '', 'However, it is important to acknowledge that machines are highly efficient at performing low-skill, repetitive tasks, as mentioned in the utilitarian view. Machines can operate at high speeds and with extreme precision, which can lead to increased productivity and prosperity in various industries. By automating certain tasks, we can streamline processes and ensure consistent outcomes, ultimately benefiting society as a whole.', '', 'The progressive view suggests that intelligent machines challenge our conventional ideas about humanity and technology, pushing both humans and machines towards new possibilities. While the integration of machines in various aspects of our lives may raise concerns about the loss of some human qualities, it also opens up opportunities for innovation and growth. By embracing the capabilities of intelligent machines, we can explore new ways of working together and unlocking potential that may have been previously unimagined.', '', 'In conclusion, the replacement of humans by machines is a complex issue that touches on various aspects of humanity, efficiency, and progress. While I believe that there are important qualities and skills that may be lost when machines take over certain roles, it is essential to recognize the potential benefits that automation can bring to society. By finding a balance between human qualities and intelligent machines, we can work towards a future that harnesses the strengths of both to create a more prosperous and innovative world.']}]}",,,
26141,76,13,661.577,editor,o,"['In a world where automation is becoming increasingly prevalent, the debate over what is lost when we replace humans with machines has become a topic of much discussion. From a personal perspective, I believe that with the replacement of humans by machines, there is a loss of empathy, advanced problem-solving skills, and common human errors are reduced due to the vast amount of information machines possess.', '', ""One of the aspects that stands out to me as being lost when machines take over is the ability to empathize. Human interactions are inherently complex, requiring emotional intelligence and an understanding of others' feelings and experiences. Machines, even with advanced artificial intelligence, lack the emotional capacity to truly empathize with individuals. This loss of empathy can have far-reaching effects, particularly in professions that require a high level of human connection, such as healthcare, counseling, and customer service."", '', 'Furthermore, the advanced problem-solving skills that humans possess are also at risk of being lost with the increasing reliance on machines. Human workers are able to think creatively, adapt to new situations, and approach problems from multiple perspectives. Machines, on the other hand, are programmed to perform specific tasks and may struggle to think outside the preset parameters. In situations that require innovative thinking and complex problem-solving, the absence of human intelligence and creativity may limit the effectiveness of machines.', '', 'However, it is important to acknowledge that machines are highly efficient at performing low-skill, repetitive tasks, as mentioned in the utilitarian view. Machines can operate at high speeds and with extreme precision, which can lead to increased productivity and prosperity in various industries. By automating certain tasks, we can streamline processes and ensure consistent outcomes, ultimately benefiting society as a whole.', '', 'The progressive view suggests that intelligent machines challenge our conventional ideas about humanity and technology, pushing both humans and machines towards new possibilities. While the integration of machines in various aspects of our lives may raise concerns about the loss of some human qualities, it also opens up opportunities for innovation and growth. By embracing the capabilities of intelligent machines, we can explore new ways of working together and unlocking potential that may have been previously unimagined.', '', 'In conclusion, the replacement of humans by machines is a complex issue that touches on various aspects of humanity, efficiency, and progress. While I believe that there are important qualities and skills that may be lost when machines take over certain roles, it is essential to recognize the potential benefits that automation can bring to society. By finding a balance between human qualities and intelligent machines, we can work towards a future that harnesses the strengths of both to create a more prosperous and innovative world.']",',',',"[10, 537]","{'t': 661577, 'o': [{'o': 'o', 'i': [10, 537]}]}",,,
26140,76,12,661.576,editor,p,"['In a world where automation is becoming increasingly prevalent, the debate over what is lost when we replace humans with machines has become a topic of much discussion. From a personal perspective, I believe that with the replacement of humans by machines, there is a loss of empathy, advanced problem-solving skills, and common human errors are reduced due to the vast amount of information machines possess.', '', ""One of the aspects that stands out to me as being lost when machines take over is the ability to empathize. Human interactions are inherently complex, requiring emotional intelligence and an understanding of others' feelings and experiences. Machines, even with advanced artificial intelligence, lack the emotional capacity to truly empathize with individuals. This loss of empathy can have far-reaching effects, particularly in professions that require a high level of human connection, such as healthcare, counseling, and customer service."", '', 'Furthermore, the advanced problem-solving skills that humans possess are also at risk of being lost with the increasing reliance on machines. Human workers are able to think creatively, adapt to new situations, and approach problems from multiple perspectives. Machines, on the other hand, are programmed to perform specific tasks and may struggle to think outside the preset parameters. In situations that require innovative thinking and complex problem-solving, the absence of human intelligence and creativity may limit the effectiveness of machines.', '', 'However, it is important to acknowledge that machines are highly efficient at performing low-skill, repetitive tasks, as mentioned in the utilitarian view. Machines can operate at high speeds and with extreme precision, which can lead to increased productivity and prosperity in various industries. By automating certain tasks, we can streamline processes and ensure consistent outcomes, ultimately benefiting society as a whole.', '', 'The progressive view suggests that intelligent machines challenge our conventional ideas about humanity and technology, pushing both humans and machines towards new possibilities. While the integration of machines in various aspects of our lives may raise concerns about the loss of some human qualities, it also opens up opportunities for innovation and growth. By embracing the capabilities of intelligent machines, we can explore new ways of working together and unlocking potential that may have been previously unimagined.', '', 'In conclusion, the replacement of humans by machines is a complex issue that touches on various aspects of humanity, efficiency, and progress. While I believe that there are important qualities and skills that may be lost when machines take over certain roles, it is essential to recognize the potential benefits that automation can bring to society. By finding a balance between human qualities and intelligent machines, we can work towards a future that harnesses the strengths of both to create a more prosperous and innovative world.']","""In a world where automation is becoming increasingly prevalent, the debate over what is lost when we replace humans with machines has become a topic of much discussion. From a personal perspective, I believe that with the replacement of humans by machines, there is a loss of empathy, advanced problem-solving skills, and common human errors are reduced due to the vast amount of information machines possess.\n\nOne of the aspects that stands out to me as being lost when machines take over is the ability to empathize. Human interactions are inherently complex, requiring emotional intelligence and an understanding of others' feelings and experiences. Machines, even with advanced artificial intelligence, lack the emotional capacity to truly empathize with individuals. This loss of empathy can have far-reaching effects, particularly in professions that require a high level of human connection, such as healthcare, counseling, and customer service.\n\nFurthermore, the advanced problem-solving skills that humans possess are also at risk of being lost with the increasing reliance on machines. Human workers are able to think creatively, adapt to new situations, and approach problems from multiple perspectives. Machines, on the other hand, are programmed to perform specific tasks and may struggle to think outside the preset parameters. In situations that require innovative thinking and complex problem-solving, the absence of human intelligence and creativity may limit the effectiveness of machines.\n\nHowever, it is important to acknowledge that machines are highly efficient at performing low-skill, repetitive tasks, as mentioned in the utilitarian view. Machines can operate at high speeds and with extreme precision, which can lead to increased productivity and prosperity in various industries. By automating certain tasks, we can streamline processes and ensure consistent outcomes, ultimately benefiting society as a whole.\n\nThe progressive view suggests that intelligent machines challenge our conventional ideas about humanity and technology, pushing both humans and machines towards new possibilities. While the integration of machines in various aspects of our lives may raise concerns about the loss of some human qualities, it also opens up opportunities for innovation and growth. By embracing the capabilities of intelligent machines, we can explore new ways of working together and unlocking potential that may have been previously unimagined.\n\nIn conclusion, the replacement of humans by machines is a complex issue that touches on various aspects of humanity, efficiency, and progress. While I believe that there are important qualities and skills that may be lost when machines take over certain roles, it is essential to recognize the potential benefits that automation can bring to society. By finding a balance between human qualities and intelligent machines, we can work towards a future that harnesses the strengths of both to create a more prosperous and innovative world.""",',',"[0, 0]","{'t': 661576, 'o': [{'o': 'p', 'i': [0, 0], 'a': ['In a world where automation is becoming increasingly prevalent, the debate over what is lost when we replace humans with machines has become a topic of much discussion. From a personal perspective, I believe that with the replacement of humans by machines, there is a loss of empathy, advanced problem-solving skills, and common human errors are reduced due to the vast amount of information machines possess.', '', ""One of the aspects that stands out to me as being lost when machines take over is the ability to empathize. Human interactions are inherently complex, requiring emotional intelligence and an understanding of others' feelings and experiences. Machines, even with advanced artificial intelligence, lack the emotional capacity to truly empathize with individuals. This loss of empathy can have far-reaching effects, particularly in professions that require a high level of human connection, such as healthcare, counseling, and customer service."", '', 'Furthermore, the advanced problem-solving skills that humans possess are also at risk of being lost with the increasing reliance on machines. Human workers are able to think creatively, adapt to new situations, and approach problems from multiple perspectives. Machines, on the other hand, are programmed to perform specific tasks and may struggle to think outside the preset parameters. In situations that require innovative thinking and complex problem-solving, the absence of human intelligence and creativity may limit the effectiveness of machines.', '', 'However, it is important to acknowledge that machines are highly efficient at performing low-skill, repetitive tasks, as mentioned in the utilitarian view. Machines can operate at high speeds and with extreme precision, which can lead to increased productivity and prosperity in various industries. By automating certain tasks, we can streamline processes and ensure consistent outcomes, ultimately benefiting society as a whole.', '', 'The progressive view suggests that intelligent machines challenge our conventional ideas about humanity and technology, pushing both humans and machines towards new possibilities. While the integration of machines in various aspects of our lives may raise concerns about the loss of some human qualities, it also opens up opportunities for innovation and growth. By embracing the capabilities of intelligent machines, we can explore new ways of working together and unlocking potential that may have been previously unimagined.', '', 'In conclusion, the replacement of humans by machines is a complex issue that touches on various aspects of humanity, efficiency, and progress. While I believe that there are important qualities and skills that may be lost when machines take over certain roles, it is essential to recognize the potential benefits that automation can bring to society. By finding a balance between human qualities and intelligent machines, we can work towards a future that harnesses the strengths of both to create a more prosperous and innovative world.']}]}",,,
26141,76,13,661.577,editor,o,"['In a world where automation is becoming increasingly prevalent, the debate over what is lost when we replace humans with machines has become a topic of much discussion. From a personal perspective, I believe that with the replacement of humans by machines, there is a loss of empathy, advanced problem-solving skills, and common human errors are reduced due to the vast amount of information machines possess.', '', ""One of the aspects that stands out to me as being lost when machines take over is the ability to empathize. Human interactions are inherently complex, requiring emotional intelligence and an understanding of others' feelings and experiences. Machines, even with advanced artificial intelligence, lack the emotional capacity to truly empathize with individuals. This loss of empathy can have far-reaching effects, particularly in professions that require a high level of human connection, such as healthcare, counseling, and customer service."", '', 'Furthermore, the advanced problem-solving skills that humans possess are also at risk of being lost with the increasing reliance on machines. Human workers are able to think creatively, adapt to new situations, and approach problems from multiple perspectives. Machines, on the other hand, are programmed to perform specific tasks and may struggle to think outside the preset parameters. In situations that require innovative thinking and complex problem-solving, the absence of human intelligence and creativity may limit the effectiveness of machines.', '', 'However, it is important to acknowledge that machines are highly efficient at performing low-skill, repetitive tasks, as mentioned in the utilitarian view. Machines can operate at high speeds and with extreme precision, which can lead to increased productivity and prosperity in various industries. By automating certain tasks, we can streamline processes and ensure consistent outcomes, ultimately benefiting society as a whole.', '', 'The progressive view suggests that intelligent machines challenge our conventional ideas about humanity and technology, pushing both humans and machines towards new possibilities. While the integration of machines in various aspects of our lives may raise concerns about the loss of some human qualities, it also opens up opportunities for innovation and growth. By embracing the capabilities of intelligent machines, we can explore new ways of working together and unlocking potential that may have been previously unimagined.', '', 'In conclusion, the replacement of humans by machines is a complex issue that touches on various aspects of humanity, efficiency, and progress. While I believe that there are important qualities and skills that may be lost when machines take over certain roles, it is essential to recognize the potential benefits that automation can bring to society. By finding a balance between human qualities and intelligent machines, we can work towards a future that harnesses the strengths of both to create a more prosperous and innovative world.']",',',',"[10, 537]","{'t': 661577, 'o': [{'o': 'o', 'i': [10, 537]}]}",,,
